form_id,название_формы_ru,категория,source_key,operation,value,полярность,время,стиль,залог,аспект_конструкция,регистр,train_default,пояснение,пример_食べる,flag_negative,flag_past,flag_future,flag_desire,flag_ability,flag_obligation,flag_invitation,flag_command,flag_prohibition,flag_conditional,flag_progressive,flag_passive,flag_causative,flag_causative_passive,flag_polite,flag_te_form,flag_volitional,flag_colloquial,flag_rare,task_flags_ru,task_flags_alt_ru,ru_prompt_strategy,ru_prompt_verb_slot,ru_prompt_template,ru_prompt_alt_template,requires_context,prompt_note_ru,chunk_template_easy,chunk_template_medium,chunk_template_hard,semantic_complexity_1_5,recommended_chunk_level,template_syntax_ru,distractor_strategy,example_iku_easy,example_iku_medium,example_iku_hard,semantic_intent,mode_b_semantic_key,grammar_id,canonical_grammar_id,grammar_label_ru,grammar_pattern,resolver_atomic_pattern,accepted_alternative_grammar_ids,alternative_requires_form_available,alternative_acceptance_note_ru,requires_explicit_grammar_hint,allow_multiple_correct_answers,mode_b_enabled
dictionary,Словарная форма,основные,словарная_форма,identity,,утвердительная,непрошедшее,простая,действительный,,стандартная,1,Утвердительная простая непрошедшая форма; используется как словарная.,食べる,0,0,optional,0,0,0,0,0,0,0,0,0,0,0,0,0,0,0,0,,буду,natural,ru_present_1sg,{ru_present_1sg},{ru_future_1sg},0,,BASE|DICT_M,BASE|DICT_M,BASE|DICT_H,1,easy,"| = новая карточка; + = объединить в одну карточку; ∅ = меняется чтение, но японский символ не добавляется",dynamic_stem_same_verb + universal_same_family,行|ku,行|ku,行|ku,plain_nonpast,plain_nonpast,dictionary,dictionary,Словарная форма,BASE + DICT_H,BASE|DICT_H,,0,,0,0,1
plain_past,Простая прошедшая утвердительная (た-форма),основные,простая_прошедшая,identity,,утвердительная,прошедшее,простая,действительный,,стандартная,1,,食べた,0,1,0,0,0,0,0,0,0,0,0,0,0,0,0,0,0,0,0,прошлое,,natural,ru_past_pf_mf,{ru_past_pf_mf},,0,,BASE|TA_M,BASE|TA_M,BASE|TA_H,1,easy,"| = новая карточка; + = объединить в одну карточку; ∅ = меняется чтение, но японский символ не добавляется",dynamic_stem_same_verb + universal_same_family,行|tta,行|tta,行|tta,plain_past,plain_past|прошлое,plain_past,plain_past,Прошедшая · 〜た,BASE + TA_H,BASE|TA_H,,0,,0,0,1
te_form,て-форма,основные,te_форма,identity,,утвердительная,—,простая,действительный,,стандартная,1,Соединительная форма; служит базой для многих конструкций.,食べて,0,0,0,0,0,0,0,0,0,0,0,0,0,0,0,1,0,0,0,и / затем,,context,ru_gerund_pf,"{ru_gerund_pf}, …",,1,て-форма не имеет одного универсального русского эквивалента; деепричастие — только удобная подсказка.,BASE|TE_M,BASE|TE_M,BASE|TE_H,1,easy,"| = новая карточка; + = объединить в одну карточку; ∅ = меняется чтение, но японский символ не добавляется",dynamic_stem_same_verb + universal_same_family,行|tte,行|tte,行|tte,te_connector,te_connector|и / затем,te_form,te_form,て-форма · 〜て,BASE + TE_H,BASE|TE_H,,0,,0,0,1
nai_form,Простая отрицательная непрошедшая (ない-форма),отрицательные,nai_форма,identity,,отрицательная,непрошедшее,простая,действительный,,стандартная,1,,食べない,1,0,optional,0,0,0,0,0,0,0,0,0,0,0,0,0,0,0,0,не,не|буду,natural,ru_present_1sg,не {ru_present_1sg},не {ru_future_1sg},0,,NEGBASE|NAI_LINK+NAI,NEGBASE|NAI_LINK|NAI,NEGBASE|NAI_LINK|NAI,1,medium,"| = новая карточка; + = объединить в одну карточку; ∅ = меняется чтение, но японский символ не добавляется",dynamic_stem_same_verb + universal_same_family,行|kanai,行|ka|nai,行|ka|nai,negative_nonpast,negative_nonpast|не,nai_form,nai_form,Отрицание · 〜ない,NEGBASE + NAI_LINK + NAI,NEGBASE|NAI_LINK|NAI,,0,,0,0,1
plain_negative_past,Простая отрицательная прошедшая,отрицательные,nai_форма,replace_suffix,ない→なかった,отрицательная,прошедшее,простая,действительный,,стандартная,1,,食べなかった,1,1,0,0,0,0,0,0,0,0,0,0,0,0,0,0,0,0,0,не|прошлое,,natural,ru_past_pf_mf,не {ru_past_pf_mf},,0,,NEGBASE|NAI_LINK+NAKATTA,NEGBASE|NAI_LINK|NAKATTA,NEGBASE|NAI_LINK|NAKATTA,2,medium,"| = новая карточка; + = объединить в одну карточку; ∅ = меняется чтение, но японский символ не добавляется",dynamic_stem_same_verb + universal_same_family,行|kanakatta,行|ka|nakatta,行|ka|nakatta,negative_past,negative_past|не|прошлое,plain_negative_past,plain_negative_past,Отрицательная прошедшая · 〜なかった,NEGBASE + NAI_LINK + NAKATTA,NEGBASE|NAI_LINK|NAKATTA,,0,,0,0,1
negative_te,Отрицательная て-форма (〜なくて),отрицательные,nai_форма,replace_suffix,ない→なくて,отрицательная,—,простая,действительный,,стандартная,1,,食べなくて,1,0,0,0,0,0,0,0,0,0,0,0,0,0,0,1,0,0,0,не|и / затем,,context,ru_gerund_pf,"не {ru_gerund_pf}, …",,1,,NEGBASE|NAI_LINK+NAKUTE,NEGBASE|NAI_LINK|NAKUTE,NEGBASE|NAI_LINK|NAKUTE,2,medium,"| = новая карточка; + = объединить в одну карточку; ∅ = меняется чтение, но японский символ не добавляется",dynamic_stem_same_verb + universal_same_family,行|kanakute,行|ka|nakute,行|ka|nakute,negative_te_connector,negative_te_connector|не|и / затем,negative_te,negative_te,Отрицательная て-форма · 〜なくて,NEGBASE + NAI_LINK + NAKUTE,NEGBASE|NAI_LINK|NAKUTE,,0,,0,0,1
ba_conditional,Условная форма 〜ば,условные,условная_ba,identity,,утвердительная,—,простая,действительный,,стандартная,1,,食べれば,0,0,0,0,0,0,0,0,0,1,0,0,0,0,0,0,0,0,0,если,,natural,ru_conditional_pf_1sg,если {ru_conditional_pf_1sg},,0,,BASE|BA_M+BA,BASE|BA_M|BA,BASE|BA_H|BA,2,medium,"| = новая карточка; + = объединить в одну карточку; ∅ = меняется чтение, но японский символ не добавляется",dynamic_stem_same_verb + universal_same_family,行|keba,行|ke|ba,行|ke|ba,conditional_affirmative,conditional|affirmative|plain,ba_conditional,ba_conditional,Условная · 〜ば,BASE + BA_H + BA,BASE|BA_H|BA,tara_conditional,0,Mode B трактует 〜ば и 〜たら как допустимые широкие варианты «если». Нюансы между конструкциями не проверяются; для их тренировки использовать Mode A.,0,1,1
tara_conditional,Условная форма 〜たら,условные,условная_tara,identity,,утвердительная,—,простая,действительный,,стандартная,1,,食べたら,0,0,0,0,0,0,0,0,0,1,0,0,0,0,0,0,0,0,0,если,,natural,ru_conditional_pf_1sg,если {ru_conditional_pf_1sg},,0,,BASE|TA_M+RA,BASE|TA_M|RA,BASE|TA_H|RA,2,medium,"| = новая карточка; + = объединить в одну карточку; ∅ = меняется чтение, но японский символ не добавляется",dynamic_stem_same_verb + universal_same_family,行|ttara,行|tta|ra,行|tta|ra,conditional_affirmative,conditional|affirmative|plain,tara_conditional,tara_conditional,Условная · 〜たら,BASE + TA_H + RA,BASE|TA_H|RA,ba_conditional,0,Mode B трактует 〜ば и 〜たら как допустимые широкие варианты «если». Нюансы между конструкциями не проверяются; для их тренировки использовать Mode A.,0,1,1
negative_ba,Отрицательная условная 〜なければ,условные,nakereba,identity,,отрицательная,—,простая,действительный,,стандартная,1,,食べなければ,1,0,0,0,0,0,0,0,0,1,0,0,0,0,0,0,0,0,0,если|не,,natural,ru_conditional_pf_1sg,если не {ru_conditional_pf_1sg},,0,,NEGBASE|NAI_LINK+NAKEREBA,NEGBASE|NAI_LINK|NAKEREBA,NEGBASE|NAI_LINK|NAKEREBA,2,medium,"| = новая карточка; + = объединить в одну карточку; ∅ = меняется чтение, но японский символ не добавляется",dynamic_stem_same_verb + universal_same_family,行|kanakereba,行|ka|nakereba,行|ka|nakereba,conditional_negative,conditional|negative|plain,negative_ba,negative_ba,Отрицательная условная · 〜なければ,NEGBASE + NAI_LINK + NAKEREBA,NEGBASE|NAI_LINK|NAKEREBA,negative_tara|nakereba|nakya,0,В meaning-only режиме принимаются основные варианты «если не». negative_ba и nakereba дают один и тот же паттерн 〜なければ; 〜たら и 〜なきゃ имеют свои нюансы.,0,1,1
negative_tara,Отрицательная условная 〜なかったら,условные,nai_форма,replace_suffix,ない→なかったら,отрицательная,—,простая,действительный,,стандартная,1,,食べなかったら,1,0,0,0,0,0,0,0,0,1,0,0,0,0,0,0,0,0,0,если|не,,natural,ru_conditional_pf_1sg,если не {ru_conditional_pf_1sg},,0,,NEGBASE|NAI_LINK+NAKATTA+RA,NEGBASE|NAI_LINK|NAKATTA+RA,NEGBASE|NAI_LINK|NAKATTA|RA,3,hard,"| = новая карточка; + = объединить в одну карточку; ∅ = меняется чтение, но японский символ не добавляется",dynamic_stem_same_verb + universal_same_family,行|kanakattara,行|ka|nakattara,行|ka|nakatta|ra,conditional_negative,conditional|negative|plain,negative_tara,negative_tara,Отрицательная условная · 〜なかったら,NEGBASE + NAI_LINK + NAKATTA + RA,NEGBASE|NAI_LINK|NAKATTA|RA,negative_ba|nakereba|nakya,0,В meaning-only режиме принимаются основные варианты «если не». Для точной тренировки 〜たら/〜ば использовать Mode A.,0,1,1
masu_nonpast,Вежливая непрошедшая утвердительная (〜ます),вежливые,masu_основа,append,ます,утвердительная,непрошедшее,вежливая,действительный,,стандартная,1,,食べます,0,0,optional,0,0,0,0,0,0,0,0,0,0,0,1,0,0,0,0,вежливо,буду|вежливо,natural,ru_present_1sg,{ru_present_1sg},{ru_future_1sg},0,,BASE|MASU_LINK+MASU,BASE|MASU_LINK|MASU,BASE|MASU_LINK|MASU,1,medium,"| = новая карточка; + = объединить в одну карточку; ∅ = меняется чтение, но японский символ не добавляется",dynamic_stem_same_verb + universal_same_family,行|kimasu,行|ki|masu,行|ki|masu,plain_polite,plain_polite|вежливо,masu_nonpast,masu_nonpast,Вежливая · 〜ます,BASE + MASU_LINK + MASU,BASE|MASU_LINK|MASU,,0,,0,0,1
masu_past,Вежливая прошедшая утвердительная (〜ました),вежливые,masu_основа,append,ました,утвердительная,прошедшее,вежливая,действительный,,стандартная,1,,食べました,0,1,0,0,0,0,0,0,0,0,0,0,0,0,1,0,0,0,0,прошлое|вежливо,,natural,ru_past_pf_mf,{ru_past_pf_mf},,0,,BASE|MASU_LINK+MASHITA,BASE|MASU_LINK|MASHITA,BASE|MASU_LINK|MASHITA,2,medium,"| = новая карточка; + = объединить в одну карточку; ∅ = меняется чтение, но японский символ не добавляется",dynamic_stem_same_verb + universal_same_family,行|kimashita,行|ki|mashita,行|ki|mashita,plain_polite,plain_polite|прошлое|вежливо,masu_past,masu_past,Вежливая прошедшая · 〜ました,BASE + MASU_LINK + MASHITA,BASE|MASU_LINK|MASHITA,,0,,0,0,1
masu_negative,Вежливая непрошедшая отрицательная (〜ません),вежливые,masu_основа,append,ません,отрицательная,непрошедшее,вежливая,действительный,,стандартная,1,,食べません,1,0,optional,0,0,0,0,0,0,0,0,0,0,0,1,0,0,0,0,не|вежливо,не|буду|вежливо,natural,ru_present_1sg,не {ru_present_1sg},не {ru_future_1sg},0,,BASE|MASU_LINK+MASEN,BASE|MASU_LINK|MASEN,BASE|MASU_LINK|MASEN,2,medium,"| = новая карточка; + = объединить в одну карточку; ∅ = меняется чтение, но японский символ не добавляется",dynamic_stem_same_verb + universal_same_family,行|kimasen,行|ki|masen,行|ki|masen,plain_polite,plain_polite|не|вежливо,masu_negative,masu_negative,Вежливая отрицательная · 〜ません,BASE + MASU_LINK + MASEN,BASE|MASU_LINK|MASEN,,0,,0,0,1
masu_negative_past,Вежливая прошедшая отрицательная (〜ませんでした),вежливые,masu_основа,append,ませんでした,отрицательная,прошедшее,вежливая,действительный,,стандартная,1,,食べませんでした,1,1,0,0,0,0,0,0,0,0,0,0,0,0,1,0,0,0,0,не|прошлое|вежливо,,natural,ru_past_pf_mf,не {ru_past_pf_mf},,0,,BASE|MASU_LINK+MASEN+DESHITA,BASE|MASU_LINK|MASEN+DESHITA,BASE|MASU_LINK|MASEN|DESHITA,3,hard,"| = новая карточка; + = объединить в одну карточку; ∅ = меняется чтение, но японский символ не добавляется",dynamic_stem_same_verb + universal_same_family,行|kimasendeshita,行|ki|masendeshita,行|ki|masen|deshita,plain_polite,plain_polite|не|прошлое|вежливо,masu_negative_past,masu_negative_past,Вежливая отрицательная прошедшая · 〜ませんでした,BASE + MASU_LINK + MASEN + DESHITA,BASE|MASU_LINK|MASEN|DESHITA,,0,,0,0,1
masu_volitional,Вежливая волевая форма (〜ましょう),вежливые,masu_основа,append,ましょう,утвердительная,непрошедшее,вежливая,действительный,,стандартная,1,,食べましょう,0,0,0,0,0,0,1,0,0,0,0,0,0,0,1,0,1,0,0,давайте|вежливо,,natural,ru_1pl_pf,давайте {ru_1pl_pf},,0,,BASE|MASU_LINK+MASHOU,BASE|MASU_LINK|MASHOU,BASE|MASU_LINK|MASHOU,2,medium,"| = новая карточка; + = объединить в одну карточку; ∅ = меняется чтение, но японский символ не добавляется",dynamic_stem_same_verb + universal_same_family,行|kimashou,行|ki|mashou,行|ki|mashou,invitation_volitional,invitation_volitional|давайте|вежливо,masu_volitional,masu_volitional,"Волевая, вежливо · 〜ましょう",BASE + MASU_LINK + MASHOU,BASE|MASU_LINK|MASHOU,,0,,0,0,1
masu_tara,Вежливая условная 〜ましたら,вежливые,masu_основа,append,ましたら,утвердительная,—,вежливая,действительный,,стандартная,1,,食べましたら,0,0,0,0,0,0,0,0,0,1,0,0,0,0,1,0,0,0,0,если|вежливо,,natural,ru_conditional_pf_1sg,если {ru_conditional_pf_1sg},,0,,BASE|MASU_LINK+MASHITA+RA,BASE|MASU_LINK|MASHITA+RA,BASE|MASU_LINK|MASHITA|RA,3,hard,"| = новая карточка; + = объединить в одну карточку; ∅ = меняется чтение, но японский символ не добавляется",dynamic_stem_same_verb + universal_same_family,行|kimashitara,行|ki|mashitara,行|ki|mashita|ra,conditional_affirmative,conditional_affirmative|если|вежливо,masu_tara,masu_tara,"Условная, вежливо · 〜ましたら",BASE + MASU_LINK + MASHITA + RA,BASE|MASU_LINK|MASHITA|RA,,0,,0,0,1
masu_negative_tara,Вежливая отрицательная условная 〜ませんでしたら,вежливые,masu_основа,append,ませんでしたら,отрицательная,—,вежливая,действительный,,стандартная,1,,食べませんでしたら,1,0,0,0,0,0,0,0,0,1,0,0,0,0,1,0,0,0,0,если|не|вежливо,,natural,ru_conditional_pf_1sg,если не {ru_conditional_pf_1sg},,0,,BASE|MASU_LINK+MASEN+DESHITA+RA,BASE|MASU_LINK|MASEN+DESHITA|RA,BASE|MASU_LINK|MASEN|DESHITA|RA,4,hard,"| = новая карточка; + = объединить в одну карточку; ∅ = меняется чтение, но японский символ не добавляется",dynamic_stem_same_verb + universal_same_family,行|kimasendeshitara,行|ki|masendeshita|ra,行|ki|masen|deshita|ra,conditional_negative,conditional_negative|если|не|вежливо,masu_negative_tara,masu_negative_tara,"Отрицательная условная, вежливо · 〜ませんでしたら",BASE + MASU_LINK + MASEN + DESHITA + RA,BASE|MASU_LINK|MASEN|DESHITA|RA,,0,,0,0,1
masu_ba_rare,Вежливая условная 〜ませば,вежливые,masu_основа,append,ませば,утвердительная,—,вежливая,действительный,,редкая/книжная,0,Форма со скриншота; для современного базового курса лучше не включать по умолчанию.,食べませば,0,0,0,0,0,0,0,0,0,1,0,0,0,0,1,0,0,0,1,если|вежливо,,natural,ru_conditional_pf_1sg,если {ru_conditional_pf_1sg},,0,,BASE|MASU_LINK+MASEBA,BASE|MASU_LINK|MASEBA,BASE|MASU_LINK|MASEBA,3,hard,"| = новая карточка; + = объединить в одну карточку; ∅ = меняется чтение, но японский символ не добавляется",dynamic_stem_same_verb + universal_same_family,行|kimaseba,行|ki|maseba,行|ki|maseba,conditional_affirmative,conditional_affirmative|если|вежливо,masu_ba_rare,masu_ba_rare,"Условная, редкая · 〜ませば",BASE + MASU_LINK + MASEBA,BASE|MASU_LINK|MASEBA,,0,,1,0,0
masu_negative_nara_rare,Условная конструкция 〜ませんなら,вежливые,masu_основа,append,ませんなら,отрицательная,—,вежливая,действительный,,редкая,0,"На скриншоте подписана как -eba conditional, но структурно это 〜ません + なら.",食べませんなら,1,0,0,0,0,0,0,0,0,1,0,0,0,0,1,0,0,0,1,если|не|вежливо,,natural,ru_conditional_pf_1sg,если не {ru_conditional_pf_1sg},,0,,BASE|MASU_LINK+MASEN+NARA,BASE|MASU_LINK|MASEN+NARA,BASE|MASU_LINK|MASEN|NARA,3,hard,"| = новая карточка; + = объединить в одну карточку; ∅ = меняется чтение, но японский символ не добавляется",dynamic_stem_same_verb + universal_same_family,行|kimasennara,行|ki|masennara,行|ki|masen|nara,conditional_negative,conditional_negative|если|не|вежливо,masu_negative_nara_rare,masu_negative_nara_rare,"Условная, редкая · 〜ませんなら",BASE + MASU_LINK + MASEN + NARA,BASE|MASU_LINK|MASEN|NARA,,0,,1,0,0
potential_nonpast,Потенциальная форма,potential,потенциальная_словарная,identity,,утвердительная,непрошедшее,простая,потенциальный,,стандартная,1,,食べられる,0,0,optional,0,1,0,0,0,0,0,0,0,0,0,0,0,0,0,0,могу,смогу,natural,ru_inf_pf,могу {ru_inf_pf},смогу {ru_inf_pf},0,,BASE|POT_M+RU,BASE|POT_M|RU,BASE|POT_H|RU,2,medium,"| = новая карточка; + = объединить в одну карточку; ∅ = меняется чтение, но японский символ не добавляется",dynamic_stem_same_verb + universal_same_family,行|keru,行|ke|ru,行|ke|ru,ability,ability|affirmative|nonpast|plain,potential_nonpast,potential_nonpast,Потенциальная форма,BASE + POT_H + RU,BASE|POT_H|RU,potential_ranuki,1,Разговорная ら抜き-форма принимается только если она существует для выбранного глагола. В строгом учебном режиме стандартная потенциальная форма остаётся предпочтительной.,0,1,1
potential_past,Потенциальная форма — прошедшая,potential,потенциальная_словарная,ichidan_conjugate,past,утвердительная,прошедшее,простая,потенциальный,,стандартная,1,,食べられた,0,1,0,0,1,0,0,0,0,0,0,0,0,0,0,0,0,0,0,смог(ла),тогда|мог(ла),natural,ru_inf_pf,смог(ла) {ru_inf_pf},тогда мог(ла) {ru_inf_pf},0,,BASE|POT_M+TA,BASE|POT_M|TA,BASE|POT_H|TA,3,medium,"| = новая карточка; + = объединить в одну карточку; ∅ = меняется чтение, но японский символ не добавляется",dynamic_stem_same_verb + universal_same_family,行|keta,行|ke|ta,行|ke|ta,ability,ability|смог(ла),potential_past,potential_past,Потенциальная · прошедшая,BASE + POT_H + TA,BASE|POT_H|TA,,0,,0,0,1
potential_negative,Потенциальная форма — отрицательная,potential,потенциальная_словарная,ichidan_conjugate,negative,отрицательная,непрошедшее,простая,потенциальный,,стандартная,1,,食べられない,1,0,optional,0,1,0,0,0,0,0,0,0,0,0,0,0,0,0,0,не|могу,не|смогу,natural,ru_inf_pf,не могу {ru_inf_pf},не смогу {ru_inf_pf},0,,BASE|POT_M+NAI,BASE|POT_M|NAI,BASE|POT_H|NAI,3,medium,"| = новая карточка; + = объединить в одну карточку; ∅ = меняется чтение, но японский символ не добавляется",dynamic_stem_same_verb + universal_same_family,行|kenai,行|ke|nai,行|ke|nai,ability,ability|negative|nonpast|plain,potential_negative,potential_negative,Потенциальная · отрицательная,BASE + POT_H + NAI,BASE|POT_H|NAI,potential_ranuki_negative,1,Разговорная отрицательная ら抜き-форма принимается только если она доступна для глагола.,0,1,1
potential_negative_past,Потенциальная форма — отрицательная прошедшая,potential,потенциальная_словарная,ichidan_conjugate,negative_past,отрицательная,прошедшее,простая,потенциальный,,стандартная,1,,食べられなかった,1,1,0,0,1,0,0,0,0,0,0,0,0,0,0,0,0,0,0,не|смог(ла),тогда|не|мог(ла),natural,ru_inf_pf,не смог(ла) {ru_inf_pf},тогда не мог(ла) {ru_inf_pf},0,,BASE|POT_M+NAKATTA,BASE|POT_M|NAKATTA,BASE|POT_H|NAKATTA,4,hard,"| = новая карточка; + = объединить в одну карточку; ∅ = меняется чтение, но японский символ не добавляется",dynamic_stem_same_verb + universal_same_family,行|kenakatta,行|ke|nakatta,行|ke|nakatta,ability,ability|не|смог(ла),potential_negative_past,potential_negative_past,Потенциальная · отрицательная прошедшая,BASE + POT_H + NAKATTA,BASE|POT_H|NAKATTA,,0,,0,0,1
potential_masu,Потенциальная форма — вежливая,potential,потенциальная_словарная,ichidan_conjugate,masu,утвердительная,непрошедшее,вежливая,потенциальный,,стандартная,1,,食べられます,0,0,optional,0,1,0,0,0,0,0,0,0,0,0,1,0,0,0,0,могу|вежливо,смогу|вежливо,natural,ru_inf_pf,могу {ru_inf_pf},смогу {ru_inf_pf},0,,BASE|POT_M+MASU,BASE|POT_M|MASU,BASE|POT_H|MASU,3,medium,"| = новая карточка; + = объединить в одну карточку; ∅ = меняется чтение, но японский символ не добавляется",dynamic_stem_same_verb + universal_same_family,行|kemasu,行|ke|masu,行|ke|masu,ability,ability|могу|вежливо,potential_masu,potential_masu,Потенциальная · вежливо,BASE + POT_H + MASU,BASE|POT_H|MASU,,0,,0,0,1
potential_masu_past,Потенциальная форма — вежливая прошедшая,potential,потенциальная_словарная,ichidan_conjugate,masu_past,утвердительная,прошедшее,вежливая,потенциальный,,стандартная,1,,食べられました,0,1,0,0,1,0,0,0,0,0,0,0,0,0,1,0,0,0,0,смог(ла)|вежливо,тогда|мог(ла)|вежливо,natural,ru_inf_pf,смог(ла) {ru_inf_pf},тогда мог(ла) {ru_inf_pf},0,,BASE|POT_M+MASHITA,BASE|POT_M|MASHITA,BASE|POT_H|MASHITA,4,hard,"| = новая карточка; + = объединить в одну карточку; ∅ = меняется чтение, но японский символ не добавляется",dynamic_stem_same_verb + universal_same_family,行|kemashita,行|ke|mashita,行|ke|mashita,ability,ability|смог(ла)|вежливо,potential_masu_past,potential_masu_past,"Потенциальная · прошедшая, вежливо",BASE + POT_H + MASHITA,BASE|POT_H|MASHITA,,0,,0,0,1
potential_masu_negative,Потенциальная форма — вежливая отрицательная,potential,потенциальная_словарная,ichidan_conjugate,masu_negative,отрицательная,непрошедшее,вежливая,потенциальный,,стандартная,1,,食べられません,1,0,optional,0,1,0,0,0,0,0,0,0,0,0,1,0,0,0,0,не|могу|вежливо,не|смогу|вежливо,natural,ru_inf_pf,не могу {ru_inf_pf},не смогу {ru_inf_pf},0,,BASE|POT_M+MASEN,BASE|POT_M|MASEN,BASE|POT_H|MASEN,4,hard,"| = новая карточка; + = объединить в одну карточку; ∅ = меняется чтение, но японский символ не добавляется",dynamic_stem_same_verb + universal_same_family,行|kemasen,行|ke|masen,行|ke|masen,ability,ability|не|могу|вежливо,potential_masu_negative,potential_masu_negative,"Потенциальная · отрицательная, вежливо",BASE + POT_H + MASEN,BASE|POT_H|MASEN,,0,,0,0,1
potential_masu_negative_past,Потенциальная форма — вежливая отрицательная прошедшая,potential,потенциальная_словарная,ichidan_conjugate,masu_negative_past,отрицательная,прошедшее,вежливая,потенциальный,,стандартная,1,,食べられませんでした,1,1,0,0,1,0,0,0,0,0,0,0,0,0,1,0,0,0,0,не|смог(ла)|вежливо,тогда|не|мог(ла)|вежливо,natural,ru_inf_pf,не смог(ла) {ru_inf_pf},тогда не мог(ла) {ru_inf_pf},0,,BASE|POT_M+MASEN+DESHITA,BASE|POT_M|MASEN+DESHITA,BASE|POT_H|MASEN|DESHITA,5,hard,"| = новая карточка; + = объединить в одну карточку; ∅ = меняется чтение, но японский символ не добавляется",dynamic_stem_same_verb + universal_same_family,行|kemasendeshita,行|ke|masendeshita,行|ke|masen|deshita,ability,ability|не|смог(ла)|вежливо,potential_masu_negative_past,potential_masu_negative_past,"Потенциальная · отрицательная прошедшая, вежливо",BASE + POT_H + MASEN + DESHITA,BASE|POT_H|MASEN|DESHITA,,0,,0,0,1
passive_nonpast,Страдательная (пассивная) форма,passive,страдательная_словарная,identity,,утвердительная,непрошедшее,простая,страдательный,,стандартная,1,,食べられる,0,0,0,0,0,0,0,0,0,0,0,1,0,0,0,0,0,0,0,пассив,,context,ru_passive_hint,{ru_passive_hint},,1,"Пассив в японском часто требует контекста; у некоторых глаголов, например 行く, прямого русского дубля нет.",BASE|PASS_M+RU,BASE|PASS_M|RU,BASE|PASS_H|RU,3,medium,"| = новая карточка; + = объединить в одну карточку; ∅ = меняется чтение, но японский символ не добавляется",dynamic_stem_same_verb + universal_same_family,行|kareru,行|kare|ru,行|ka|re|ru,passive,passive|пассив,passive_nonpast,passive_nonpast,Пассивная форма,BASE + PASS_H + RU,BASE|PASS_H|RU,,0,,0,0,1
passive_past,Страдательная (пассивная) форма — прошедшая,passive,страдательная_словарная,ichidan_conjugate,past,утвердительная,прошедшее,простая,страдательный,,стандартная,1,,食べられた,0,1,0,0,0,0,0,0,0,0,0,1,0,0,0,0,0,0,0,пассив|прошлое,,context,ru_passive_hint,{ru_passive_hint},,1,"Пассив в японском часто требует контекста; у некоторых глаголов, например 行く, прямого русского дубля нет.",BASE|PASS_M+TA,BASE|PASS_M|TA,BASE|PASS_H|TA,4,hard,"| = новая карточка; + = объединить в одну карточку; ∅ = меняется чтение, но японский символ не добавляется",dynamic_stem_same_verb + universal_same_family,行|kareta,行|kare|ta,行|ka|re|ta,passive,passive|пассив|прошлое,passive_past,passive_past,Пассивная форма — прошедшая,BASE + PASS_H + TA,BASE|PASS_H|TA,,0,,0,0,1
passive_negative,Страдательная (пассивная) форма — отрицательная,passive,страдательная_словарная,ichidan_conjugate,negative,отрицательная,непрошедшее,простая,страдательный,,стандартная,1,,食べられない,1,0,0,0,0,0,0,0,0,0,0,1,0,0,0,0,0,0,0,не|пассив,,context,ru_passive_hint,{ru_passive_hint},,1,"Пассив в японском часто требует контекста; у некоторых глаголов, например 行く, прямого русского дубля нет.",BASE|PASS_M+NAI,BASE|PASS_M|NAI,BASE|PASS_H|NAI,4,hard,"| = новая карточка; + = объединить в одну карточку; ∅ = меняется чтение, но японский символ не добавляется",dynamic_stem_same_verb + universal_same_family,行|karenai,行|kare|nai,行|ka|re|nai,passive,passive|не|пассив,passive_negative,passive_negative,Пассивная форма — отрицательная,BASE + PASS_H + NAI,BASE|PASS_H|NAI,,0,,0,0,1
passive_negative_past,Страдательная (пассивная) форма — отрицательная прошедшая,passive,страдательная_словарная,ichidan_conjugate,negative_past,отрицательная,прошедшее,простая,страдательный,,стандартная,1,,食べられなかった,1,1,0,0,0,0,0,0,0,0,0,1,0,0,0,0,0,0,0,не|пассив|прошлое,,context,ru_passive_hint,{ru_passive_hint},,1,"Пассив в японском часто требует контекста; у некоторых глаголов, например 行く, прямого русского дубля нет.",BASE|PASS_M+NAKATTA,BASE|PASS_M|NAKATTA,BASE|PASS_H|NAKATTA,5,hard,"| = новая карточка; + = объединить в одну карточку; ∅ = меняется чтение, но японский символ не добавляется",dynamic_stem_same_verb + universal_same_family,行|karenakatta,行|kare|nakatta,行|ka|re|nakatta,passive,passive|не|пассив|прошлое,passive_negative_past,passive_negative_past,Пассивная форма — отрицательная прошедшая,BASE + PASS_H + NAKATTA,BASE|PASS_H|NAKATTA,,0,,0,0,1
passive_masu,Страдательная (пассивная) форма — вежливая,passive,страдательная_словарная,ichidan_conjugate,masu,утвердительная,непрошедшее,вежливая,страдательный,,стандартная,1,,食べられます,0,0,0,0,0,0,0,0,0,0,0,1,0,0,1,0,0,0,0,пассив|вежливо,,context,ru_passive_hint,{ru_passive_hint},,1,"Пассив в японском часто требует контекста; у некоторых глаголов, например 行く, прямого русского дубля нет.",BASE|PASS_M+MASU,BASE|PASS_M|MASU,BASE|PASS_H|MASU,4,hard,"| = новая карточка; + = объединить в одну карточку; ∅ = меняется чтение, но японский символ не добавляется",dynamic_stem_same_verb + universal_same_family,行|karemasu,行|kare|masu,行|ka|re|masu,passive,passive|пассив|вежливо,passive_masu,passive_masu,Пассивная форма — вежливая,BASE + PASS_H + MASU,BASE|PASS_H|MASU,,0,,0,0,1
passive_masu_past,Страдательная (пассивная) форма — вежливая прошедшая,passive,страдательная_словарная,ichidan_conjugate,masu_past,утвердительная,прошедшее,вежливая,страдательный,,стандартная,1,,食べられました,0,1,0,0,0,0,0,0,0,0,0,1,0,0,1,0,0,0,0,пассив|прошлое|вежливо,,context,ru_passive_hint,{ru_passive_hint},,1,"Пассив в японском часто требует контекста; у некоторых глаголов, например 行く, прямого русского дубля нет.",BASE|PASS_M+MASHITA,BASE|PASS_M|MASHITA,BASE|PASS_H|MASHITA,5,hard,"| = новая карточка; + = объединить в одну карточку; ∅ = меняется чтение, но японский символ не добавляется",dynamic_stem_same_verb + universal_same_family,行|karemashita,行|kare|mashita,行|ka|re|mashita,passive,passive|пассив|прошлое|вежливо,passive_masu_past,passive_masu_past,Пассивная форма — вежливая прошедшая,BASE + PASS_H + MASHITA,BASE|PASS_H|MASHITA,,0,,0,0,1
passive_masu_negative,Страдательная (пассивная) форма — вежливая отрицательная,passive,страдательная_словарная,ichidan_conjugate,masu_negative,отрицательная,непрошедшее,вежливая,страдательный,,стандартная,1,,食べられません,1,0,0,0,0,0,0,0,0,0,0,1,0,0,1,0,0,0,0,не|пассив|вежливо,,context,ru_passive_hint,{ru_passive_hint},,1,"Пассив в японском часто требует контекста; у некоторых глаголов, например 行く, прямого русского дубля нет.",BASE|PASS_M+MASEN,BASE|PASS_M|MASEN,BASE|PASS_H|MASEN,5,hard,"| = новая карточка; + = объединить в одну карточку; ∅ = меняется чтение, но японский символ не добавляется",dynamic_stem_same_verb + universal_same_family,行|karemasen,行|kare|masen,行|ka|re|masen,passive,passive|не|пассив|вежливо,passive_masu_negative,passive_masu_negative,Пассивная форма — вежливая отрицательная,BASE + PASS_H + MASEN,BASE|PASS_H|MASEN,,0,,0,0,1
passive_masu_negative_past,Страдательная (пассивная) форма — вежливая отрицательная прошедшая,passive,страдательная_словарная,ichidan_conjugate,masu_negative_past,отрицательная,прошедшее,вежливая,страдательный,,стандартная,1,,食べられませんでした,1,1,0,0,0,0,0,0,0,0,0,1,0,0,1,0,0,0,0,не|пассив|прошлое|вежливо,,context,ru_passive_hint,{ru_passive_hint},,1,"Пассив в японском часто требует контекста; у некоторых глаголов, например 行く, прямого русского дубля нет.",BASE|PASS_M+MASEN+DESHITA,BASE|PASS_M|MASEN+DESHITA,BASE|PASS_H|MASEN|DESHITA,5,hard,"| = новая карточка; + = объединить в одну карточку; ∅ = меняется чтение, но японский символ не добавляется",dynamic_stem_same_verb + universal_same_family,行|karemasendeshita,行|kare|masendeshita,行|ka|re|masen|deshita,passive,passive|не|пассив|прошлое|вежливо,passive_masu_negative_past,passive_masu_negative_past,Пассивная форма — вежливая отрицательная прошедшая,BASE + PASS_H + MASEN + DESHITA,BASE|PASS_H|MASEN|DESHITA,,0,,0,0,1
causative_nonpast,Побудительная (каузативная) форма,causative,побудительная_словарная,identity,,утвердительная,непрошедшее,простая,побудительный,,стандартная,1,,食べさせる,0,0,0,0,0,0,0,0,0,0,0,0,1,0,0,0,0,0,0,заставить / разрешить,,context,ru_causative_hint,{ru_causative_hint},,1,,BASE|CAUSE_M+RU,BASE|CAUSE_M|RU,BASE|CAUSE_H|RU,3,medium,"| = новая карточка; + = объединить в одну карточку; ∅ = меняется чтение, но японский символ не добавляется",dynamic_stem_same_verb + universal_same_family,行|kaseru,行|kase|ru,行|ka|se|ru,causative,causative|заставить / разрешить,causative_nonpast,causative_nonpast,Каузативная форма,BASE + CAUSE_H + RU,BASE|CAUSE_H|RU,,0,,0,0,1
causative_past,Побудительная (каузативная) форма — прошедшая,causative,побудительная_словарная,ichidan_conjugate,past,утвердительная,прошедшее,простая,побудительный,,стандартная,1,,食べさせた,0,1,0,0,0,0,0,0,0,0,0,0,1,0,0,0,0,0,0,заставить / разрешить|прошлое,,context,ru_causative_hint,{ru_causative_hint},,1,,BASE|CAUSE_M+TA,BASE|CAUSE_M|TA,BASE|CAUSE_H|TA,4,hard,"| = новая карточка; + = объединить в одну карточку; ∅ = меняется чтение, но японский символ не добавляется",dynamic_stem_same_verb + universal_same_family,行|kaseta,行|kase|ta,行|ka|se|ta,causative,causative|заставить / разрешить|прошлое,causative_past,causative_past,Каузативная форма — прошедшая,BASE + CAUSE_H + TA,BASE|CAUSE_H|TA,,0,,0,0,1
causative_negative,Побудительная (каузативная) форма — отрицательная,causative,побудительная_словарная,ichidan_conjugate,negative,отрицательная,непрошедшее,простая,побудительный,,стандартная,1,,食べさせない,1,0,0,0,0,0,0,0,0,0,0,0,1,0,0,0,0,0,0,не|заставить / разрешить,,context,ru_causative_hint,{ru_causative_hint},,1,,BASE|CAUSE_M+NAI,BASE|CAUSE_M|NAI,BASE|CAUSE_H|NAI,4,hard,"| = новая карточка; + = объединить в одну карточку; ∅ = меняется чтение, но японский символ не добавляется",dynamic_stem_same_verb + universal_same_family,行|kasenai,行|kase|nai,行|ka|se|nai,causative,causative|не|заставить / разрешить,causative_negative,causative_negative,Каузативная форма — отрицательная,BASE + CAUSE_H + NAI,BASE|CAUSE_H|NAI,,0,,0,0,1
causative_negative_past,Побудительная (каузативная) форма — отрицательная прошедшая,causative,побудительная_словарная,ichidan_conjugate,negative_past,отрицательная,прошедшее,простая,побудительный,,стандартная,1,,食べさせなかった,1,1,0,0,0,0,0,0,0,0,0,0,1,0,0,0,0,0,0,не|заставить / разрешить|прошлое,,context,ru_causative_hint,{ru_causative_hint},,1,,BASE|CAUSE_M+NAKATTA,BASE|CAUSE_M|NAKATTA,BASE|CAUSE_H|NAKATTA,5,hard,"| = новая карточка; + = объединить в одну карточку; ∅ = меняется чтение, но японский символ не добавляется",dynamic_stem_same_verb + universal_same_family,行|kasenakatta,行|kase|nakatta,行|ka|se|nakatta,causative,causative|не|заставить / разрешить|прошлое,causative_negative_past,causative_negative_past,Каузативная форма — отрицательная прошедшая,BASE + CAUSE_H + NAKATTA,BASE|CAUSE_H|NAKATTA,,0,,0,0,1
causative_masu,Побудительная (каузативная) форма — вежливая,causative,побудительная_словарная,ichidan_conjugate,masu,утвердительная,непрошедшее,вежливая,побудительный,,стандартная,1,,食べさせます,0,0,0,0,0,0,0,0,0,0,0,0,1,0,1,0,0,0,0,заставить / разрешить|вежливо,,context,ru_causative_hint,{ru_causative_hint},,1,,BASE|CAUSE_M+MASU,BASE|CAUSE_M|MASU,BASE|CAUSE_H|MASU,4,hard,"| = новая карточка; + = объединить в одну карточку; ∅ = меняется чтение, но японский символ не добавляется",dynamic_stem_same_verb + universal_same_family,行|kasemasu,行|kase|masu,行|ka|se|masu,causative,causative|заставить / разрешить|вежливо,causative_masu,causative_masu,Каузативная форма — вежливая,BASE + CAUSE_H + MASU,BASE|CAUSE_H|MASU,,0,,0,0,1
causative_masu_past,Побудительная (каузативная) форма — вежливая прошедшая,causative,побудительная_словарная,ichidan_conjugate,masu_past,утвердительная,прошедшее,вежливая,побудительный,,стандартная,1,,食べさせました,0,1,0,0,0,0,0,0,0,0,0,0,1,0,1,0,0,0,0,заставить / разрешить|прошлое|вежливо,,context,ru_causative_hint,{ru_causative_hint},,1,,BASE|CAUSE_M+MASHITA,BASE|CAUSE_M|MASHITA,BASE|CAUSE_H|MASHITA,5,hard,"| = новая карточка; + = объединить в одну карточку; ∅ = меняется чтение, но японский символ не добавляется",dynamic_stem_same_verb + universal_same_family,行|kasemashita,行|kase|mashita,行|ka|se|mashita,causative,causative|заставить / разрешить|прошлое|вежливо,causative_masu_past,causative_masu_past,Каузативная форма — вежливая прошедшая,BASE + CAUSE_H + MASHITA,BASE|CAUSE_H|MASHITA,,0,,0,0,1
causative_masu_negative,Побудительная (каузативная) форма — вежливая отрицательная,causative,побудительная_словарная,ichidan_conjugate,masu_negative,отрицательная,непрошедшее,вежливая,побудительный,,стандартная,1,,食べさせません,1,0,0,0,0,0,0,0,0,0,0,0,1,0,1,0,0,0,0,не|заставить / разрешить|вежливо,,context,ru_causative_hint,{ru_causative_hint},,1,,BASE|CAUSE_M+MASEN,BASE|CAUSE_M|MASEN,BASE|CAUSE_H|MASEN,5,hard,"| = новая карточка; + = объединить в одну карточку; ∅ = меняется чтение, но японский символ не добавляется",dynamic_stem_same_verb + universal_same_family,行|kasemasen,行|kase|masen,行|ka|se|masen,causative,causative|не|заставить / разрешить|вежливо,causative_masu_negative,causative_masu_negative,Каузативная форма — вежливая отрицательная,BASE + CAUSE_H + MASEN,BASE|CAUSE_H|MASEN,,0,,0,0,1
causative_masu_negative_past,Побудительная (каузативная) форма — вежливая отрицательная прошедшая,causative,побудительная_словарная,ichidan_conjugate,masu_negative_past,отрицательная,прошедшее,вежливая,побудительный,,стандартная,1,,食べさせませんでした,1,1,0,0,0,0,0,0,0,0,0,0,1,0,1,0,0,0,0,не|заставить / разрешить|прошлое|вежливо,,context,ru_causative_hint,{ru_causative_hint},,1,,BASE|CAUSE_M+MASEN+DESHITA,BASE|CAUSE_M|MASEN+DESHITA,BASE|CAUSE_H|MASEN|DESHITA,5,hard,"| = новая карточка; + = объединить в одну карточку; ∅ = меняется чтение, но японский символ не добавляется",dynamic_stem_same_verb + universal_same_family,行|kasemasendeshita,行|kase|masendeshita,行|ka|se|masen|deshita,causative,causative|не|заставить / разрешить|прошлое|вежливо,causative_masu_negative_past,causative_masu_negative_past,Каузативная форма — вежливая отрицательная прошедшая,BASE + CAUSE_H + MASEN + DESHITA,BASE|CAUSE_H|MASEN|DESHITA,,0,,0,0,1
causative_passive_nonpast,Побудительно-страдательная (каузативно-пассивная) форма,causative_passive,побудительно_страдательная_словарная,identity,,утвердительная,непрошедшее,простая,побудительно-страдательный,,стандартная,1,,食べさせられる,0,0,0,0,0,0,0,0,0,0,0,0,0,1,0,0,0,0,0,вынужденно,,context,ru_causative_passive_hint,{ru_causative_passive_hint},,1,,BASE|CAUSEPASS_M+RU,BASE|CAUSEPASS_M|RU,BASE|CAUSEPASS_H|RU,4,hard,"| = новая карточка; + = объединить в одну карточку; ∅ = меняется чтение, но японский символ не добавляется",dynamic_stem_same_verb + universal_same_family,行|kaserareru,行|kaserare|ru,行|ka|se|ra|re|ru,causative_passive,causative_passive|вынужденно,causative_passive_nonpast,causative_passive_nonpast,Каузативно-пассивная форма,BASE + CAUSEPASS_H + RU,BASE|CAUSEPASS_H|RU,,0,,0,0,1
causative_passive_past,Побудительно-страдательная (каузативно-пассивная) форма — прошедшая,causative_passive,побудительно_страдательная_словарная,ichidan_conjugate,past,утвердительная,прошедшее,простая,побудительно-страдательный,,стандартная,1,,食べさせられた,0,1,0,0,0,0,0,0,0,0,0,0,0,1,0,0,0,0,0,вынужденно|прошлое,,context,ru_causative_passive_hint,{ru_causative_passive_hint},,1,,BASE|CAUSEPASS_M+TA,BASE|CAUSEPASS_M|TA,BASE|CAUSEPASS_H|TA,5,hard,"| = новая карточка; + = объединить в одну карточку; ∅ = меняется чтение, но японский символ не добавляется",dynamic_stem_same_verb + universal_same_family,行|kaserareta,行|kaserare|ta,行|ka|se|ra|re|ta,causative_passive,causative_passive|вынужденно|прошлое,causative_passive_past,causative_passive_past,Каузативно-пассивная форма — прошедшая,BASE + CAUSEPASS_H + TA,BASE|CAUSEPASS_H|TA,,0,,0,0,1
causative_passive_negative,Побудительно-страдательная (каузативно-пассивная) форма — отрицательная,causative_passive,побудительно_страдательная_словарная,ichidan_conjugate,negative,отрицательная,непрошедшее,простая,побудительно-страдательный,,стандартная,1,,食べさせられない,1,0,0,0,0,0,0,0,0,0,0,0,0,1,0,0,0,0,0,не|вынужденно,,context,ru_causative_passive_hint,{ru_causative_passive_hint},,1,,BASE|CAUSEPASS_M+NAI,BASE|CAUSEPASS_M|NAI,BASE|CAUSEPASS_H|NAI,5,hard,"| = новая карточка; + = объединить в одну карточку; ∅ = меняется чтение, но японский символ не добавляется",dynamic_stem_same_verb + universal_same_family,行|kaserarenai,行|kaserare|nai,行|ka|se|ra|re|nai,causative_passive,causative_passive|не|вынужденно,causative_passive_negative,causative_passive_negative,Каузативно-пассивная форма — отрицательная,BASE + CAUSEPASS_H + NAI,BASE|CAUSEPASS_H|NAI,,0,,0,0,1
causative_passive_negative_past,Побудительно-страдательная (каузативно-пассивная) форма — отрицательная прошедшая,causative_passive,побудительно_страдательная_словарная,ichidan_conjugate,negative_past,отрицательная,прошедшее,простая,побудительно-страдательный,,стандартная,1,,食べさせられなかった,1,1,0,0,0,0,0,0,0,0,0,0,0,1,0,0,0,0,0,не|вынужденно|прошлое,,context,ru_causative_passive_hint,{ru_causative_passive_hint},,1,,BASE|CAUSEPASS_M+NAKATTA,BASE|CAUSEPASS_M|NAKATTA,BASE|CAUSEPASS_H|NAKATTA,5,hard,"| = новая карточка; + = объединить в одну карточку; ∅ = меняется чтение, но японский символ не добавляется",dynamic_stem_same_verb + universal_same_family,行|kaserarenakatta,行|kaserare|nakatta,行|ka|se|ra|re|nakatta,causative_passive,causative_passive|не|вынужденно|прошлое,causative_passive_negative_past,causative_passive_negative_past,Каузативно-пассивная форма — отрицательная прошедшая,BASE + CAUSEPASS_H + NAKATTA,BASE|CAUSEPASS_H|NAKATTA,,0,,0,0,1
causative_passive_masu,Побудительно-страдательная (каузативно-пассивная) форма — вежливая,causative_passive,побудительно_страдательная_словарная,ichidan_conjugate,masu,утвердительная,непрошедшее,вежливая,побудительно-страдательный,,стандартная,1,,食べさせられます,0,0,0,0,0,0,0,0,0,0,0,0,0,1,1,0,0,0,0,вынужденно|вежливо,,context,ru_causative_passive_hint,{ru_causative_passive_hint},,1,,BASE|CAUSEPASS_M+MASU,BASE|CAUSEPASS_M|MASU,BASE|CAUSEPASS_H|MASU,5,hard,"| = новая карточка; + = объединить в одну карточку; ∅ = меняется чтение, но японский символ не добавляется",dynamic_stem_same_verb + universal_same_family,行|kaseraremasu,行|kaserare|masu,行|ka|se|ra|re|masu,causative_passive,causative_passive|вынужденно|вежливо,causative_passive_masu,causative_passive_masu,Каузативно-пассивная форма — вежливая,BASE + CAUSEPASS_H + MASU,BASE|CAUSEPASS_H|MASU,,0,,0,0,1
causative_passive_masu_past,Побудительно-страдательная (каузативно-пассивная) форма — вежливая прошедшая,causative_passive,побудительно_страдательная_словарная,ichidan_conjugate,masu_past,утвердительная,прошедшее,вежливая,побудительно-страдательный,,стандартная,1,,食べさせられました,0,1,0,0,0,0,0,0,0,0,0,0,0,1,1,0,0,0,0,вынужденно|прошлое|вежливо,,context,ru_causative_passive_hint,{ru_causative_passive_hint},,1,,BASE|CAUSEPASS_M+MASHITA,BASE|CAUSEPASS_M|MASHITA,BASE|CAUSEPASS_H|MASHITA,5,hard,"| = новая карточка; + = объединить в одну карточку; ∅ = меняется чтение, но японский символ не добавляется",dynamic_stem_same_verb + universal_same_family,行|kaseraremashita,行|kaserare|mashita,行|ka|se|ra|re|mashita,causative_passive,causative_passive|вынужденно|прошлое|вежливо,causative_passive_masu_past,causative_passive_masu_past,Каузативно-пассивная форма — вежливая прошедшая,BASE + CAUSEPASS_H + MASHITA,BASE|CAUSEPASS_H|MASHITA,,0,,0,0,1
causative_passive_masu_negative,Побудительно-страдательная (каузативно-пассивная) форма — вежливая отрицательная,causative_passive,побудительно_страдательная_словарная,ichidan_conjugate,masu_negative,отрицательная,непрошедшее,вежливая,побудительно-страдательный,,стандартная,1,,食べさせられません,1,0,0,0,0,0,0,0,0,0,0,0,0,1,1,0,0,0,0,не|вынужденно|вежливо,,context,ru_causative_passive_hint,{ru_causative_passive_hint},,1,,BASE|CAUSEPASS_M+MASEN,BASE|CAUSEPASS_M|MASEN,BASE|CAUSEPASS_H|MASEN,5,hard,"| = новая карточка; + = объединить в одну карточку; ∅ = меняется чтение, но японский символ не добавляется",dynamic_stem_same_verb + universal_same_family,行|kaseraremasen,行|kaserare|masen,行|ka|se|ra|re|masen,causative_passive,causative_passive|не|вынужденно|вежливо,causative_passive_masu_negative,causative_passive_masu_negative,Каузативно-пассивная форма — вежливая отрицательная,BASE + CAUSEPASS_H + MASEN,BASE|CAUSEPASS_H|MASEN,,0,,0,0,1
causative_passive_masu_negative_past,Побудительно-страдательная (каузативно-пассивная) форма — вежливая отрицательная прошедшая,causative_passive,побудительно_страдательная_словарная,ichidan_conjugate,masu_negative_past,отрицательная,прошедшее,вежливая,побудительно-страдательный,,стандартная,1,,食べさせられませんでした,1,1,0,0,0,0,0,0,0,0,0,0,0,1,1,0,0,0,0,не|вынужденно|прошлое|вежливо,,context,ru_causative_passive_hint,{ru_causative_passive_hint},,1,,BASE|CAUSEPASS_M+MASEN+DESHITA,BASE|CAUSEPASS_M|MASEN+DESHITA,BASE|CAUSEPASS_H|MASEN|DESHITA,5,hard,"| = новая карточка; + = объединить в одну карточку; ∅ = меняется чтение, но японский символ не добавляется",dynamic_stem_same_verb + universal_same_family,行|kaseraremasendeshita,行|kaserare|masendeshita,行|ka|se|ra|re|masen|deshita,causative_passive,causative_passive|не|вынужденно|прошлое|вежливо,causative_passive_masu_negative_past,causative_passive_masu_negative_past,Каузативно-пассивная форма — вежливая отрицательная прошедшая,BASE + CAUSEPASS_H + MASEN + DESHITA,BASE|CAUSEPASS_H|MASEN|DESHITA,,0,,0,0,1
potential_ranuki,Разговорная потенциальная форма без ら (ら抜き),potential,потенциальная_разг_без_ra,identity,,утвердительная,непрошедшее,простая,потенциальный,,разговорная,0,Допустима как разговорный вариант; для стандартного учебного ответа лучше форма 食べられる.,食べれる,0,0,0,0,1,0,0,0,0,0,0,0,0,0,0,0,0,1,0,могу|разговорное,смогу|разговорное,natural,ru_inf_pf,могу {ru_inf_pf},смогу {ru_inf_pf},0,,BASE|RANUKI_M+RU,BASE|RANUKI_M|RU,BASE|RANUKI_H|RU,3,hard,"| = новая карточка; + = объединить в одну карточку; ∅ = меняется чтение, но японский символ не добавляется",dynamic_stem_same_verb + universal_same_family,行|ru,行|ru,行|ru,ability,ability|affirmative|nonpast|plain,potential_ranuki,potential_ranuki,"Потенциальная, разговорная · ら抜き",BASE + RANUKI_H + RU,BASE|RANUKI_H|RU,potential_nonpast,1,Стандартная потенциальная форма также принимается. Разговорный ら抜き-вариант доступен не для всех глаголов.,0,1,1
potential_ranuki_negative,Разговорная потенциальная без ら — отрицательная,potential,потенциальная_разг_без_ra,ichidan_conjugate,negative,отрицательная,непрошедшее,простая,потенциальный,,разговорная,0,,食べれない,1,0,0,0,1,0,0,0,0,0,0,0,0,0,0,0,0,1,0,не|могу|разговорное,не|смогу|разговорное,natural,ru_inf_pf,не могу {ru_inf_pf},не смогу {ru_inf_pf},0,,BASE|RANUKI_M+NAI,BASE|RANUKI_M|NAI,BASE|RANUKI_H|NAI,3,hard,"| = новая карточка; + = объединить в одну карточку; ∅ = меняется чтение, но японский символ не добавляется",dynamic_stem_same_verb + universal_same_family,行|nai,行|nai,行|nai,ability,ability|negative|nonpast|plain,potential_ranuki_negative,potential_ranuki_negative,"Потенциальная отрицательная, разговорная · ら抜き",BASE + RANUKI_H + NAI,BASE|RANUKI_H|NAI,potential_negative,1,Стандартная отрицательная потенциальная форма также принимается.,0,1,1
imperative,Повелительная форма (императив),наклонение,повелительная,identity,,утвердительная,—,простая,действительный,,стандартная,1,,食べろ,0,0,0,0,0,0,0,1,0,0,0,0,0,0,0,0,0,0,0,приказ,,natural,ru_imperative_2sg,{ru_imperative_2sg}!,,0,,BASE|IMP_M,BASE|IMP_M,BASE|IMP_H,2,medium,"| = новая карточка; + = объединить в одну карточку; ∅ = меняется чтение, но японский символ не добавляется",dynamic_stem_same_verb + universal_same_family,行|ke,行|ke,行|ke,command,command|приказ,imperative,imperative,Повелительная форма,BASE + IMP_H,BASE|IMP_H,,0,,0,0,1
negative_imperative,Запретительная форма 〜な,наклонение,запретительная,identity,,отрицательная,—,простая,действительный,,стандартная,1,,食べるな,1,0,0,0,0,0,0,1,1,0,0,0,0,0,0,0,0,0,0,не|запрет,,natural,ru_imperative_2sg,не {ru_imperative_2sg}!,,0,,BASE|DICT_M+NA_IMP,BASE|DICT_M|NA_IMP,BASE|DICT_H|NA_IMP,2,medium,"| = новая карточка; + = объединить в одну карточку; ∅ = меняется чтение, но японский символ не добавляется",dynamic_stem_same_verb + universal_same_family,行|kuna,行|ku|na,行|ku|na,prohibition,prohibition|не|запрет,negative_imperative,negative_imperative,Запрет · 〜な,BASE + DICT_H + NA_IMP,BASE|DICT_H|NA_IMP,,0,,0,0,1
volitional,Волевая форма,наклонение,волевая,identity,,утвердительная,—,простая,действительный,,стандартная,1,,食べよう,0,0,0,0,0,0,1,0,0,0,0,0,0,0,0,0,1,0,0,давай,,natural,ru_1pl_pf,давай {ru_1pl_pf},,0,,BASE|VOL_M,BASE|VOL_M,BASE|VOL_H,2,medium,"| = новая карточка; + = объединить в одну карточку; ∅ = меняется чтение, но японский символ не добавляется",dynamic_stem_same_verb + universal_same_family,行|kou,行|kou,行|ko|u,invitation_volitional,invitation_volitional|давай,volitional,volitional,Волевая форма,BASE + VOL_H,BASE|VOL_H,,0,,0,0,1
tai_nonpast,Форма желания 〜たい,желание,tai_база,identity,,утвердительная,непрошедшее,простая,действительный,〜たい,стандартная,1,,食べたい,0,0,0,1,0,0,0,0,0,0,0,0,0,0,0,0,0,0,0,хочу,,natural,ru_inf_pf,хочу {ru_inf_pf},,0,,BASE|MASU_LINK+TAI,BASE|MASU_LINK|TAI,BASE|MASU_LINK|TAI,2,medium,"| = новая карточка; + = объединить в одну карточку; ∅ = меняется чтение, но японский символ не добавляется",dynamic_stem_same_verb + universal_same_family,行|kitai,行|ki|tai,行|ki|tai,desire,desire|хочу,tai_nonpast,tai_nonpast,Желание · 〜たい,BASE + MASU_LINK + TAI,BASE|MASU_LINK|TAI,,0,,0,0,1
tai_past,Форма желания 〜たい — прошедшая,желание,tai_база,replace_suffix,たい→たかった,утвердительная,прошедшее,простая,действительный,〜たい,стандартная,1,,食べたかった,0,1,0,1,0,0,0,0,0,0,0,0,0,0,0,0,0,0,0,хотел(а),,natural,ru_inf_pf,хотел(а) {ru_inf_pf},,0,,BASE|MASU_LINK+TAKATTA,BASE|MASU_LINK|TAKATTA,BASE|MASU_LINK|TAKATTA,3,medium,"| = новая карточка; + = объединить в одну карточку; ∅ = меняется чтение, но японский символ не добавляется",dynamic_stem_same_verb + universal_same_family,行|kitakatta,行|ki|takatta,行|ki|takatta,desire,desire|хотел(а),tai_past,tai_past,Желание · 〜たかった,BASE + MASU_LINK + TAKATTA,BASE|MASU_LINK|TAKATTA,,0,,0,0,1
tai_negative,Форма желания 〜たい — отрицательная,желание,tai_база,replace_suffix,たい→たくない,отрицательная,непрошедшее,простая,действительный,〜たい,стандартная,1,,食べたくない,1,0,0,1,0,0,0,0,0,0,0,0,0,0,0,0,0,0,0,не|хочу,,natural,ru_inf_ipf,не хочу {ru_inf_ipf},,0,,BASE|MASU_LINK+TAKUNAI,BASE|MASU_LINK|TAKUNAI,BASE|MASU_LINK|TAKUNAI,3,medium,"| = новая карточка; + = объединить в одну карточку; ∅ = меняется чтение, но японский символ не добавляется",dynamic_stem_same_verb + universal_same_family,行|kitakunai,行|ki|takunai,行|ki|takunai,desire,desire|не|хочу,tai_negative,tai_negative,"Желание, отрицание · 〜たくない",BASE + MASU_LINK + TAKUNAI,BASE|MASU_LINK|TAKUNAI,,0,,0,0,1
tai_negative_past,Форма желания 〜たい — отрицательная прошедшая,желание,tai_база,replace_suffix,たい→たくなかった,отрицательная,прошедшее,простая,действительный,〜たい,стандартная,1,,食べたくなかった,1,1,0,1,0,0,0,0,0,0,0,0,0,0,0,0,0,0,0,не|хотел(а),,natural,ru_inf_ipf,не хотел(а) {ru_inf_ipf},,0,,BASE|MASU_LINK+TAKUNAKATTA,BASE|MASU_LINK|TAKUNAKATTA,BASE|MASU_LINK|TAKUNAKATTA,4,hard,"| = новая карточка; + = объединить в одну карточку; ∅ = меняется чтение, но японский символ не добавляется",dynamic_stem_same_verb + universal_same_family,行|kitakunakatta,行|ki|takunakatta,行|ki|takunakatta,desire,desire|не|хотел(а),tai_negative_past,tai_negative_past,"Желание, отрицательная прошедшая · 〜たくなかった",BASE + MASU_LINK + TAKUNAKATTA,BASE|MASU_LINK|TAKUNAKATTA,,0,,0,0,1
tai_te,Форма желания 〜たい — соединительная 〜たくて,желание,tai_база,replace_suffix,たい→たくて,утвердительная,—,простая,действительный,〜たい,стандартная,1,,食べたくて,0,0,0,1,0,0,0,0,0,0,0,0,0,0,0,1,0,0,0,хочу|и / потому что,,context,ru_inf_pf,"хочу {ru_inf_pf}, и…",,1,,BASE|MASU_LINK+TAKUTE,BASE|MASU_LINK|TAKUTE,BASE|MASU_LINK|TAKUTE,3,medium,"| = новая карточка; + = объединить в одну карточку; ∅ = меняется чтение, но японский символ не добавляется",dynamic_stem_same_verb + universal_same_family,行|kitakute,行|ki|takute,行|ki|takute,desire,desire|хочу|и / потому что,tai_te,tai_te,"Желание, соединительная · 〜たくて",BASE + MASU_LINK + TAKUTE,BASE|MASU_LINK|TAKUTE,,0,,0,0,1
tai_ba,Форма желания 〜たい — условная 〜たければ,желание,tai_база,replace_suffix,たい→たければ,утвердительная,—,простая,действительный,〜たい,стандартная,1,,食べたければ,0,0,0,1,0,0,0,0,0,1,0,0,0,0,0,0,0,0,0,если|хочу,,natural,ru_inf_pf,если хочу {ru_inf_pf},,0,,BASE|MASU_LINK+TAKEREBA,BASE|MASU_LINK|TAKEREBA,BASE|MASU_LINK|TAKEREBA,3,medium,"| = новая карточка; + = объединить в одну карточку; ∅ = меняется чтение, но японский символ не добавляется",dynamic_stem_same_verb + universal_same_family,行|kitakereba,行|ki|takereba,行|ki|takereba,desire_conditional,desire_conditional|если|хочу,tai_ba,tai_ba,"Желание, условная · 〜たければ",BASE + MASU_LINK + TAKEREBA,BASE|MASU_LINK|TAKEREBA,,0,,0,0,1
tai_tara,Форма желания 〜たい — условная 〜たかったら,желание,tai_база,replace_suffix,たい→たかったら,утвердительная,—,простая,действительный,〜たい,стандартная,1,,食べたかったら,0,0,0,1,0,0,0,0,0,1,0,0,0,0,0,0,0,0,0,если|хотел(а),,natural,ru_inf_pf,если хотел(а) {ru_inf_pf},,0,,BASE|MASU_LINK+TAKATTA+RA,BASE|MASU_LINK|TAKATTA+RA,BASE|MASU_LINK|TAKATTA|RA,4,hard,"| = новая карточка; + = объединить в одну карточку; ∅ = меняется чтение, но японский символ не добавляется",dynamic_stem_same_verb + universal_same_family,行|kitakattara,行|ki|takattara,行|ki|takatta|ra,desire_conditional,desire_conditional|если|хотел(а),tai_tara,tai_tara,"Желание, условная прошедшая · 〜たかったら",BASE + MASU_LINK + TAKATTA + RA,BASE|MASU_LINK|TAKATTA|RA,,0,,0,0,1
tai_polite,Форма желания 〜たいです,желание,tai_база,append,です,утвердительная,непрошедшее,вежливая,действительный,〜たい,стандартная,1,,食べたいです,0,0,0,1,0,0,0,0,0,0,0,0,0,0,1,0,0,0,0,хочу|вежливо,,natural,ru_inf_pf,хочу {ru_inf_pf},,0,,BASE|MASU_LINK+TAI+DESU,BASE|MASU_LINK|TAI+DESU,BASE|MASU_LINK|TAI|DESU,3,medium,"| = новая карточка; + = объединить в одну карточку; ∅ = меняется чтение, но японский символ не добавляется",dynamic_stem_same_verb + universal_same_family,行|kitaidesu,行|ki|taidesu,行|ki|tai|desu,desire,desire|хочу|вежливо,tai_polite,tai_polite,"Желание, вежливо · 〜たいです",BASE + MASU_LINK + TAI + DESU,BASE|MASU_LINK|TAI|DESU,,0,,0,0,1
tai_polite_negative,Форма желания 〜たくないです,желание,tai_база,replace_suffix,たい→たくないです,отрицательная,непрошедшее,вежливая,действительный,〜たい,стандартная,1,,食べたくないです,1,0,0,1,0,0,0,0,0,0,0,0,0,0,1,0,0,0,0,не|хочу|вежливо,,natural,ru_inf_ipf,не хочу {ru_inf_ipf},,0,,BASE|MASU_LINK+TAKUNAI+DESU,BASE|MASU_LINK|TAKUNAI+DESU,BASE|MASU_LINK|TAKUNAI|DESU,4,hard,"| = новая карточка; + = объединить в одну карточку; ∅ = меняется чтение, но японский символ не добавляется",dynamic_stem_same_verb + universal_same_family,行|kitakunaidesu,行|ki|takunaidesu,行|ki|takunai|desu,desire,desire|не|хочу|вежливо,tai_polite_negative,tai_polite_negative,"Желание, отрицательная вежливая · 〜たくないです",BASE + MASU_LINK + TAKUNAI + DESU,BASE|MASU_LINK|TAKUNAI|DESU,,0,,0,0,1
nakereba,Отрицательная условная 〜なければ,обязанность/условие,nakereba,identity,,отрицательная,—,простая,действительный,,стандартная,1,,食べなければ,1,0,0,0,0,0,0,0,0,1,0,0,0,0,0,0,0,0,0,если|не,,natural,ru_conditional_pf_1sg,если не {ru_conditional_pf_1sg},,0,,NEGBASE|NAI_LINK+NAKEREBA,NEGBASE|NAI_LINK|NAKEREBA,NEGBASE|NAI_LINK|NAKEREBA,2,medium,"| = новая карточка; + = объединить в одну карточку; ∅ = меняется чтение, но японский символ не добавляется",dynamic_stem_same_verb + universal_same_family,行|kanakereba,行|ka|nakereba,行|ka|nakereba,conditional_negative,conditional|negative|plain,nakereba,negative_ba,Отрицательная условная · 〜なければ,NEGBASE + NAI_LINK + NAKEREBA,NEGBASE|NAI_LINK|NAKEREBA,negative_ba|negative_tara|nakya,0,В meaning-only режиме принимаются основные варианты «если не». negative_ba является алиасом того же паттерна 〜なければ.,0,1,1
nakya,Разговорное сокращение 〜なければ → 〜なきゃ,обязанность/условие,nakya,identity,,отрицательная,—,простая,действительный,,разговорная,1,,食べなきゃ,1,0,0,0,0,0,0,0,0,1,0,0,0,0,0,0,0,1,0,если|не,,natural,ru_conditional_pf_1sg,если не {ru_conditional_pf_1sg},,0,В разговоре такая сокращённая форма без продолжения также часто подразумевает «надо / должен».,NEGBASE|NAI_LINK+NAKYA,NEGBASE|NAI_LINK|NAKYA,NEGBASE|NAI_LINK|NAKYA,2,medium,"| = новая карточка; + = объединить в одну карточку; ∅ = меняется чтение, но японский символ не добавляется",dynamic_stem_same_verb + universal_same_family,行|kanakya,行|ka|nakya,行|ka|nakya,conditional_negative,conditional|negative|plain,nakya,nakya,"Отрицательная условная, разговорная · 〜なきゃ",NEGBASE + NAI_LINK + NAKYA,NEGBASE|NAI_LINK|NAKYA,negative_ba|negative_tara|nakereba,0,"Принимается как разговорное сокращение 〜なければ. Если нужно проверять именно разговорный регистр, использовать Mode A.",0,1,1
nakucha,Разговорное сокращение 〜なくては → 〜なくちゃ,обязанность/условие,nakucha,identity,,отрицательная,—,простая,действительный,,разговорная,1,,食べなくちゃ,1,0,0,0,0,0,0,0,0,1,0,0,0,0,0,0,0,1,0,если|не,,natural,ru_conditional_pf_1sg,если не {ru_conditional_pf_1sg},,0,В разговоре такая сокращённая форма без продолжения также часто подразумевает «надо / должен».,NEGBASE|NAI_LINK+NAKUCHA,NEGBASE|NAI_LINK|NAKUCHA,NEGBASE|NAI_LINK|NAKUCHA,2,medium,"| = новая карточка; + = объединить в одну карточку; ∅ = меняется чтение, но японский символ не добавляется",dynamic_stem_same_verb + universal_same_family,行|kanakucha,行|ka|nakucha,行|ka|nakucha,obligation_ellipsis_colloquial,obligation_ellipsis_colloquial|если|не,nakucha,nakucha,Разговорное сокращение · 〜なくちゃ,NEGBASE + NAI_LINK + NAKUCHA,NEGBASE|NAI_LINK|NAKUCHA,,0,,1,0,0
nakereba_naranai,Должен: 〜なければならない,обязанность,nakereba,append,ならない,утвердительная,непрошедшее,простая,действительный,обязанность,стандартная,1,,食べなければならない,0,0,0,0,0,1,0,0,0,0,0,0,0,0,0,0,0,0,0,нужно,,natural,ru_inf_pf,нужно {ru_inf_pf},,0,,NEGBASE|NAI_LINK+NAKEREBA+NARANAI,NEGBASE|NAI_LINK|NAKEREBA|NARANAI,NEGBASE|NAI_LINK|NAKEREBA|NARANAI,4,hard,"| = новая карточка; + = объединить в одну карточку; ∅ = меняется чтение, но японский символ не добавляется",dynamic_stem_same_verb + universal_same_family,行|kanakerebanaranai,行|ka|nakereba|naranai,行|ka|nakereba|naranai,obligation,obligation|affirmative|plain_or_colloquial,nakereba_naranai,nakereba_naranai,Обязанность · 〜なければならない,NEGBASE + NAI_LINK + NAKEREBA + NARANAI,NEGBASE|NAI_LINK|NAKEREBA|NARANAI,nakute_wa_ikenai|nai_to_ikenai|nakya_ikenai,0,Meaning-only режим принимает поддерживаемые конструкции обязанности с тем же широким смыслом «нужно / должен».,0,1,1
nakereba_narimasen,"Должен, вежливо: 〜なければなりません",обязанность,nakereba,append,なりません,утвердительная,непрошедшее,вежливая,действительный,обязанность,стандартная,1,,食べなければなりません,0,0,0,0,0,1,0,0,0,0,0,0,0,0,1,0,0,0,0,нужно|вежливо,,natural,ru_inf_pf,нужно {ru_inf_pf},,0,,NEGBASE|NAI_LINK+NAKEREBA+NARIMASEN,NEGBASE|NAI_LINK|NAKEREBA|NARIMASEN,NEGBASE|NAI_LINK|NAKEREBA|NARIMASEN,4,hard,"| = новая карточка; + = объединить в одну карточку; ∅ = меняется чтение, но японский символ не добавляется",dynamic_stem_same_verb + universal_same_family,行|kanakerebanarimasen,行|ka|nakereba|narimasen,行|ka|nakereba|narimasen,obligation,obligation|affirmative|polite,nakereba_narimasen,nakereba_narimasen,"Обязанность, вежливо · 〜なければなりません",NEGBASE + NAI_LINK + NAKEREBA + NARIMASEN,NEGBASE|NAI_LINK|NAKEREBA|NARIMASEN,,0,,0,0,1
nakya_ikenai,"Должен, разговорно: 〜なきゃいけない",обязанность,nakya,append,いけない,утвердительная,непрошедшее,простая,действительный,обязанность,разговорная,1,,食べなきゃいけない,0,0,0,0,0,1,0,0,0,0,0,0,0,0,0,0,0,1,0,нужно|разговорное,,natural,ru_inf_pf,нужно {ru_inf_pf},,0,,NEGBASE|NAI_LINK+NAKYA+IKENAI,NEGBASE|NAI_LINK|NAKYA|IKENAI,NEGBASE|NAI_LINK|NAKYA|IKENAI,4,hard,"| = новая карточка; + = объединить в одну карточку; ∅ = меняется чтение, но японский символ не добавляется",dynamic_stem_same_verb + universal_same_family,行|kanakyaikenai,行|ka|nakya|ikenai,行|ka|nakya|ikenai,obligation,obligation|affirmative|plain_or_colloquial,nakya_ikenai,nakya_ikenai,"Обязанность, разговорно · 〜なきゃいけない",NEGBASE + NAI_LINK + NAKYA + IKENAI,NEGBASE|NAI_LINK|NAKYA|IKENAI,nakereba_naranai|nakute_wa_ikenai|nai_to_ikenai,0,Meaning-only режим принимает и нейтральные варианты обязанности. Для проверки разговорного регистра использовать Mode A.,0,1,1
nakute_wa_ikenai,Должен: 〜なくてはいけない,обязанность,nai_форма,replace_suffix,ない→なくてはいけない,утвердительная,непрошедшее,простая,действительный,обязанность,стандартная,1,,食べなくてはいけない,0,0,0,0,0,1,0,0,0,0,0,0,0,0,0,0,0,0,0,нужно,,natural,ru_inf_pf,нужно {ru_inf_pf},,0,,NEGBASE|NAI_LINK+NAKUTE+WA+IKENAI,NEGBASE|NAI_LINK|NAKUTE|WA+IKENAI,NEGBASE|NAI_LINK|NAKUTE|WA|IKENAI,4,hard,"| = новая карточка; + = объединить в одну карточку; ∅ = меняется чтение, но японский символ не добавляется",dynamic_stem_same_verb + universal_same_family,行|kanakutewaikenai,行|ka|nakute|waikenai,行|ka|nakute|wa|ikenai,obligation,obligation|affirmative|plain_or_colloquial,nakute_wa_ikenai,nakute_wa_ikenai,Обязанность · 〜なくてはいけない,NEGBASE + NAI_LINK + NAKUTE + WA + IKENAI,NEGBASE|NAI_LINK|NAKUTE|WA|IKENAI,nakereba_naranai|nai_to_ikenai|nakya_ikenai,0,Meaning-only режим принимает поддерживаемые конструкции обязанности с тем же широким смыслом «нужно / должен».,0,1,1
nai_to_ikenai,Должен: 〜ないといけない,обязанность,nai_форма,append,といけない,утвердительная,непрошедшее,простая,действительный,обязанность,стандартная,1,,食べないといけない,0,0,0,0,0,1,0,0,0,0,0,0,0,0,0,0,0,0,0,нужно,,natural,ru_inf_pf,нужно {ru_inf_pf},,0,,NEGBASE|NAI_LINK+NAI+TO+IKENAI,NEGBASE|NAI_LINK|NAI|TO+IKENAI,NEGBASE|NAI_LINK|NAI|TO|IKENAI,4,hard,"| = новая карточка; + = объединить в одну карточку; ∅ = меняется чтение, но японский символ не добавляется",dynamic_stem_same_verb + universal_same_family,行|kanaitoikenai,行|ka|nai|toikenai,行|ka|nai|to|ikenai,obligation,obligation|affirmative|plain_or_colloquial,nai_to_ikenai,nai_to_ikenai,Обязанность · 〜ないといけない,NEGBASE + NAI_LINK + NAI + TO + IKENAI,NEGBASE|NAI_LINK|NAI|TO|IKENAI,nakereba_naranai|nakute_wa_ikenai|nakya_ikenai,0,Meaning-only режим принимает поддерживаемые конструкции обязанности с тем же широким смыслом «нужно / должен».,0,1,1
teiru_nonpast,Конструкция 〜ている — непрошедшая,〜ている,te_форма,append,いる,утвердительная,непрошедшее,простая,действительный,длительность / процесс / результативное состояние,стандартная,1,,食べている,0,0,0,0,0,0,0,0,0,0,1,0,0,0,0,0,0,0,0,сейчас,,natural,ru_present_1sg,сейчас {ru_present_1sg},,0,"〜ている может обозначать процесс, повторяемость или результативное состояние; русский дубль зависит от конкретного глагола.",BASE|TE_M+IRU,BASE|TE_M|IRU,BASE|TE_H|I_AUX|RU,2,medium,"| = новая карточка; + = объединить в одну карточку; ∅ = меняется чтение, но японский символ не добавляется",dynamic_stem_same_verb + universal_same_family,行|tteiru,行|tte|iru,行|tte|i|ru,progressive,progressive|сейчас,teiru_nonpast,teiru_nonpast,Конструкция 〜ている — непрошедшая,BASE + TE_H + I_AUX + RU,BASE|TE_H|I_AUX|RU,,0,,0,0,1
teiru_past,Конструкция 〜ている — прошедшая,〜ている,te_форма,append,いた,утвердительная,прошедшее,простая,действительный,длительность / процесс / результативное состояние,стандартная,1,,食べていた,0,1,0,0,0,0,0,0,0,0,1,0,0,0,0,0,0,0,0,тогда|прошлое,,natural,ru_past_ipf_mf,тогда {ru_past_ipf_mf},,0,"〜ている может обозначать процесс, повторяемость или результативное состояние; русский дубль зависит от конкретного глагола.",BASE|TE_M+ITA,BASE|TE_M|ITA,BASE|TE_H|I_AUX|TA,3,medium,"| = новая карточка; + = объединить в одну карточку; ∅ = меняется чтение, но японский символ не добавляется",dynamic_stem_same_verb + universal_same_family,行|tteita,行|tte|ita,行|tte|i|ta,progressive,progressive|тогда|прошлое,teiru_past,teiru_past,Конструкция 〜ている — прошедшая,BASE + TE_H + I_AUX + TA,BASE|TE_H|I_AUX|TA,,0,,0,0,1
teiru_negative,Конструкция 〜ている — отрицательная,〜ている,te_форма,append,いない,отрицательная,непрошедшее,простая,действительный,длительность / процесс / результативное состояние,стандартная,1,,食べていない,1,0,0,0,0,0,0,0,0,0,1,0,0,0,0,0,0,0,0,сейчас|не,,natural,ru_present_1sg,сейчас не {ru_present_1sg},,0,"〜ている может обозначать процесс, повторяемость или результативное состояние; русский дубль зависит от конкретного глагола.",BASE|TE_M+INAI,BASE|TE_M|INAI,BASE|TE_H|I_AUX|NAI,3,medium,"| = новая карточка; + = объединить в одну карточку; ∅ = меняется чтение, но японский символ не добавляется",dynamic_stem_same_verb + universal_same_family,行|tteinai,行|tte|inai,行|tte|i|nai,progressive_negative,progressive_negative|сейчас|не,teiru_negative,teiru_negative,Конструкция 〜ている — отрицательная,BASE + TE_H + I_AUX + NAI,BASE|TE_H|I_AUX|NAI,,0,,0,0,1
teiru_negative_past,Конструкция 〜ている — отрицательная прошедшая,〜ている,te_форма,append,いなかった,отрицательная,прошедшее,простая,действительный,длительность / процесс / результативное состояние,стандартная,1,,食べていなかった,1,1,0,0,0,0,0,0,0,0,1,0,0,0,0,0,0,0,0,тогда|не|прошлое,,natural,ru_past_ipf_mf,тогда не {ru_past_ipf_mf},,0,"〜ている может обозначать процесс, повторяемость или результативное состояние; русский дубль зависит от конкретного глагола.",BASE|TE_M+INAKATTA,BASE|TE_M|INAKATTA,BASE|TE_H|I_AUX|NAKATTA,4,hard,"| = новая карточка; + = объединить в одну карточку; ∅ = меняется чтение, но японский символ не добавляется",dynamic_stem_same_verb + universal_same_family,行|tteinakatta,行|tte|inakatta,行|tte|i|nakatta,progressive_negative,progressive_negative|тогда|не|прошлое,teiru_negative_past,teiru_negative_past,Конструкция 〜ている — отрицательная прошедшая,BASE + TE_H + I_AUX + NAKATTA,BASE|TE_H|I_AUX|NAKATTA,,0,,0,0,1
teiru_te,Конструкция 〜ている — て-форма 〜ていて,〜ている,te_форма,append,いて,утвердительная,—,простая,действительный,длительность / процесс / результативное состояние,стандартная,1,,食べていて,0,0,0,0,0,0,0,0,0,0,1,0,0,0,0,1,0,0,0,сейчас|и / затем,,context,ru_present_1sg,"сейчас {ru_present_1sg}, и…",,1,"〜ている может обозначать процесс, повторяемость или результативное состояние; русский дубль зависит от конкретного глагола.",BASE|TE_M+ITE,BASE|TE_M|ITE,BASE|TE_H|I_AUX|TE,3,medium,"| = новая карточка; + = объединить в одну карточку; ∅ = меняется чтение, но японский символ не добавляется",dynamic_stem_same_verb + universal_same_family,行|tteite,行|tte|ite,行|tte|i|te,progressive,progressive|сейчас|и / затем,teiru_te,teiru_te,Конструкция 〜ている — て-форма 〜ていて,BASE + TE_H + I_AUX + TE,BASE|TE_H|I_AUX|TE,,0,,0,0,1
teiru_negative_te,Конструкция 〜ている — отрицательная て-форма,〜ている,te_форма,append,いなくて,отрицательная,—,простая,действительный,длительность / процесс / результативное состояние,стандартная,1,,食べていなくて,1,0,0,0,0,0,0,0,0,0,1,0,0,0,0,1,0,0,0,сейчас|не|и / затем,,context,ru_present_1sg,"сейчас не {ru_present_1sg}, и…",,1,"〜ている может обозначать процесс, повторяемость или результативное состояние; русский дубль зависит от конкретного глагола.",BASE|TE_M+INAKUTE,BASE|TE_M|INAKUTE,BASE|TE_H|I_AUX|NAKUTE,4,hard,"| = новая карточка; + = объединить в одну карточку; ∅ = меняется чтение, но японский символ не добавляется",dynamic_stem_same_verb + universal_same_family,行|tteinakute,行|tte|inakute,行|tte|i|nakute,progressive_negative,progressive_negative|сейчас|не|и / затем,teiru_negative_te,teiru_negative_te,Конструкция 〜ている — отрицательная て-форма,BASE + TE_H + I_AUX + NAKUTE,BASE|TE_H|I_AUX|NAKUTE,,0,,0,0,1
teiru_ba,Конструкция 〜ている — условная 〜ていれば,〜ている,te_форма,append,いれば,утвердительная,—,простая,действительный,длительность / процесс / результативное состояние,стандартная,1,,食べていれば,0,0,0,0,0,0,0,0,0,1,1,0,0,0,0,0,0,0,0,если|сейчас,,natural,ru_present_1sg,если сейчас {ru_present_1sg},,0,"〜ている может обозначать процесс, повторяемость или результативное состояние; русский дубль зависит от конкретного глагола.",BASE|TE_M+IREBA,BASE|TE_M|IREBA,BASE|TE_H|I_AUX|RE|BA,4,hard,"| = новая карточка; + = объединить в одну карточку; ∅ = меняется чтение, но японский символ не добавляется",dynamic_stem_same_verb + universal_same_family,行|tteireba,行|tte|ireba,行|tte|i|re|ba,progressive,progressive|если|сейчас,teiru_ba,teiru_ba,Конструкция 〜ている — условная 〜ていれば,BASE + TE_H + I_AUX + RE + BA,BASE|TE_H|I_AUX|RE|BA,,0,,0,0,1
teiru_negative_ba,Конструкция 〜ている — отрицательная условная,〜ている,te_форма,append,いなければ,отрицательная,—,простая,действительный,длительность / процесс / результативное состояние,стандартная,1,,食べていなければ,1,0,0,0,0,0,0,0,0,1,1,0,0,0,0,0,0,0,0,если|сейчас|не,,natural,ru_present_1sg,если сейчас не {ru_present_1sg},,0,"〜ている может обозначать процесс, повторяемость или результативное состояние; русский дубль зависит от конкретного глагола.",BASE|TE_M+INAKEREBA,BASE|TE_M|INAKEREBA,BASE|TE_H|I_AUX|NAKEREBA,4,hard,"| = новая карточка; + = объединить в одну карточку; ∅ = меняется чтение, но японский символ не добавляется",dynamic_stem_same_verb + universal_same_family,行|tteinakereba,行|tte|inakereba,行|tte|i|nakereba,progressive_negative,progressive_negative|если|сейчас|не,teiru_negative_ba,teiru_negative_ba,Конструкция 〜ている — отрицательная условная,BASE + TE_H + I_AUX + NAKEREBA,BASE|TE_H|I_AUX|NAKEREBA,,0,,0,0,1
teiru_tara,Конструкция 〜ている — условная 〜ていたら,〜ている,te_форма,append,いたら,утвердительная,—,простая,действительный,длительность / процесс / результативное состояние,стандартная,1,,食べていたら,0,0,0,0,0,0,0,0,0,1,1,0,0,0,0,0,0,0,0,если|тогда,,natural,ru_past_ipf_mf,если тогда {ru_past_ipf_mf},,0,"〜ている может обозначать процесс, повторяемость или результативное состояние; русский дубль зависит от конкретного глагола.",BASE|TE_M+ITARA,BASE|TE_M|ITARA,BASE|TE_H|I_AUX|TA|RA,4,hard,"| = новая карточка; + = объединить в одну карточку; ∅ = меняется чтение, но японский символ не добавляется",dynamic_stem_same_verb + universal_same_family,行|tteitara,行|tte|itara,行|tte|i|ta|ra,progressive,progressive|если|тогда,teiru_tara,teiru_tara,Конструкция 〜ている — условная 〜ていたら,BASE + TE_H + I_AUX + TA + RA,BASE|TE_H|I_AUX|TA|RA,,0,,0,0,1
teiru_negative_tara,Конструкция 〜ている — отрицательная условная,〜ている,te_форма,append,いなかったら,отрицательная,—,простая,действительный,длительность / процесс / результативное состояние,стандартная,1,,食べていなかったら,1,0,0,0,0,0,0,0,0,1,1,0,0,0,0,0,0,0,0,если|тогда|не,,natural,ru_past_ipf_mf,если тогда не {ru_past_ipf_mf},,0,"〜ている может обозначать процесс, повторяемость или результативное состояние; русский дубль зависит от конкретного глагола.",BASE|TE_M+INAKATTA+RA,BASE|TE_M|INAKATTA+RA,BASE|TE_H|I_AUX|NAKATTA|RA,5,hard,"| = новая карточка; + = объединить в одну карточку; ∅ = меняется чтение, но японский символ не добавляется",dynamic_stem_same_verb + universal_same_family,行|tteinakattara,行|tte|inakattara,行|tte|i|nakatta|ra,progressive_negative,progressive_negative|если|тогда|не,teiru_negative_tara,teiru_negative_tara,Конструкция 〜ている — отрицательная условная,BASE + TE_H + I_AUX + NAKATTA + RA,BASE|TE_H|I_AUX|NAKATTA|RA,,0,,0,0,1
teiru_masu,Конструкция 〜ている — вежливая 〜ています,〜ている,te_форма,append,います,утвердительная,непрошедшее,вежливая,действительный,длительность / процесс / результативное состояние,стандартная,1,,食べています,0,0,0,0,0,0,0,0,0,0,1,0,0,0,1,0,0,0,0,сейчас|вежливо,,natural,ru_present_1sg,сейчас {ru_present_1sg},,0,"〜ている может обозначать процесс, повторяемость или результативное состояние; русский дубль зависит от конкретного глагола.",BASE|TE_M+IMASU,BASE|TE_M|IMASU,BASE|TE_H|I_AUX|MASU,3,medium,"| = новая карточка; + = объединить в одну карточку; ∅ = меняется чтение, но японский символ не добавляется",dynamic_stem_same_verb + universal_same_family,行|tteimasu,行|tte|imasu,行|tte|i|masu,progressive,progressive|сейчас|вежливо,teiru_masu,teiru_masu,Конструкция 〜ている — вежливая 〜ています,BASE + TE_H + I_AUX + MASU,BASE|TE_H|I_AUX|MASU,,0,,0,0,1
teiru_masu_past,Конструкция 〜ている — вежливая прошедшая,〜ている,te_форма,append,いました,утвердительная,прошедшее,вежливая,действительный,длительность / процесс / результативное состояние,стандартная,1,,食べていました,0,1,0,0,0,0,0,0,0,0,1,0,0,0,1,0,0,0,0,тогда|прошлое|вежливо,,natural,ru_past_ipf_mf,тогда {ru_past_ipf_mf},,0,"〜ている может обозначать процесс, повторяемость или результативное состояние; русский дубль зависит от конкретного глагола.",BASE|TE_M+IMASHITA,BASE|TE_M|IMASHITA,BASE|TE_H|I_AUX|MASHITA,4,hard,"| = новая карточка; + = объединить в одну карточку; ∅ = меняется чтение, но японский символ не добавляется",dynamic_stem_same_verb + universal_same_family,行|tteimashita,行|tte|imashita,行|tte|i|mashita,progressive,progressive|тогда|прошлое|вежливо,teiru_masu_past,teiru_masu_past,Конструкция 〜ている — вежливая прошедшая,BASE + TE_H + I_AUX + MASHITA,BASE|TE_H|I_AUX|MASHITA,,0,,0,0,1
teiru_masu_negative,Конструкция 〜ている — вежливая отрицательная,〜ている,te_форма,append,いません,отрицательная,непрошедшее,вежливая,действительный,длительность / процесс / результативное состояние,стандартная,1,,食べていません,1,0,0,0,0,0,0,0,0,0,1,0,0,0,1,0,0,0,0,сейчас|не|вежливо,,natural,ru_present_1sg,сейчас не {ru_present_1sg},,0,"〜ている может обозначать процесс, повторяемость или результативное состояние; русский дубль зависит от конкретного глагола.",BASE|TE_M+IMASEN,BASE|TE_M|IMASEN,BASE|TE_H|I_AUX|MASEN,4,hard,"| = новая карточка; + = объединить в одну карточку; ∅ = меняется чтение, но японский символ не добавляется",dynamic_stem_same_verb + universal_same_family,行|tteimasen,行|tte|imasen,行|tte|i|masen,progressive_negative,progressive_negative|сейчас|не|вежливо,teiru_masu_negative,teiru_masu_negative,Конструкция 〜ている — вежливая отрицательная,BASE + TE_H + I_AUX + MASEN,BASE|TE_H|I_AUX|MASEN,,0,,0,0,1
teiru_masu_negative_past,Конструкция 〜ている — вежливая отрицательная прошедшая,〜ている,te_форма,append,いませんでした,отрицательная,прошедшее,вежливая,действительный,длительность / процесс / результативное состояние,стандартная,1,,食べていませんでした,1,1,0,0,0,0,0,0,0,0,1,0,0,0,1,0,0,0,0,тогда|не|прошлое|вежливо,,natural,ru_past_ipf_mf,тогда не {ru_past_ipf_mf},,0,"〜ている может обозначать процесс, повторяемость или результативное состояние; русский дубль зависит от конкретного глагола.",BASE|TE_M+IMASEN+DESHITA,BASE|TE_M|IMASEN+DESHITA,BASE|TE_H|I_AUX|MASEN|DESHITA,5,hard,"| = новая карточка; + = объединить в одну карточку; ∅ = меняется чтение, но японский символ не добавляется",dynamic_stem_same_verb + universal_same_family,行|tteimasendeshita,行|tte|imasendeshita,行|tte|i|masen|deshita,progressive_negative,progressive_negative|тогда|не|прошлое|вежливо,teiru_masu_negative_past,teiru_masu_negative_past,Конструкция 〜ている — вежливая отрицательная прошедшая,BASE + TE_H + I_AUX + MASEN + DESHITA,BASE|TE_H|I_AUX|MASEN|DESHITA,,0,,0,0,1
teiru_volitional,Конструкция 〜ている — волевая 〜ていよう,〜ている,te_форма,append,いよう,утвердительная,—,простая,действительный,длительность / процесс / результативное состояние,стандартная,1,,食べていよう,0,0,0,0,0,0,0,0,0,0,1,0,0,0,0,0,1,0,0,буду|продолжать,,context,ru_inf_ipf,буду продолжать {ru_inf_ipf},,1,"〜ている может обозначать процесс, повторяемость или результативное состояние; русский дубль зависит от конкретного глагола.",BASE|TE_M+IYOU,BASE|TE_M|IYOU,BASE|TE_H|I_AUX|YOU,4,hard,"| = новая карточка; + = объединить в одну карточку; ∅ = меняется чтение, но японский символ не добавляется",dynamic_stem_same_verb + universal_same_family,行|tteiyou,行|tte|iyou,行|tte|i|you,progressive,progressive|буду|продолжать,teiru_volitional,teiru_volitional,Конструкция 〜ている — волевая 〜ていよう,BASE + TE_H + I_AUX + YOU,BASE|TE_H|I_AUX|YOU,,0,,0,0,1
teiru_masu_volitional,Конструкция 〜ている — вежливая волевая,〜ている,te_форма,append,いましょう,утвердительная,—,вежливая,действительный,длительность / процесс / результативное состояние,стандартная,1,,食べていましょう,0,0,0,0,0,0,0,0,0,0,1,0,0,0,1,0,1,0,0,буду|продолжать|вежливо,,context,ru_inf_ipf,буду продолжать {ru_inf_ipf},,1,"〜ている может обозначать процесс, повторяемость или результативное состояние; русский дубль зависит от конкретного глагола.",BASE|TE_M+IMASHOU,BASE|TE_M|IMASHOU,BASE|TE_H|I_AUX|MASHOU,4,hard,"| = новая карточка; + = объединить в одну карточку; ∅ = меняется чтение, но японский символ не добавляется",dynamic_stem_same_verb + universal_same_family,行|tteimashou,行|tte|imashou,行|tte|i|mashou,progressive,progressive|буду|продолжать|вежливо,teiru_masu_volitional,teiru_masu_volitional,Конструкция 〜ている — вежливая волевая,BASE + TE_H + I_AUX + MASHOU,BASE|TE_H|I_AUX|MASHOU,,0,,0,0,1
teiru_nakya,Конструкция 〜ている — разговорная отрицательная условная 〜ていなきゃ,〜ている,te_форма,append,いなきゃ,отрицательная,—,простая,действительный,длительность / процесс / результативное состояние,стандартная,1,,食べていなきゃ,1,0,0,0,0,0,0,0,0,1,1,0,0,0,0,0,0,0,0,если|сейчас|не|разговорное,,natural,ru_present_1sg,если сейчас не {ru_present_1sg},,0,"〜ている может обозначать процесс, повторяемость или результативное состояние; русский дубль зависит от конкретного глагола.",BASE|TE_M+INAKYA,BASE|TE_M|INAKYA,BASE|TE_H|I_AUX|NAKYA,4,hard,"| = новая карточка; + = объединить в одну карточку; ∅ = меняется чтение, но японский символ не добавляется",dynamic_stem_same_verb + universal_same_family,行|tteinakya,行|tte|inakya,行|tte|i|nakya,progressive,progressive|если|сейчас|не|разговорное,teiru_nakya,teiru_nakya,Конструкция 〜ている — разговорная отрицательная условная 〜ていなきゃ,BASE + TE_H + I_AUX + NAKYA,BASE|TE_H|I_AUX|NAKYA,,0,,0,0,1
